case_id	domain	feature	classification	fixture_state	fixture_path	source_fidelity_expectation	visual_reference_expectation	intellij_preview	interaction	mermaid_detector	categories
md-atx-headings-h1-h6	markdown	atx-headings-h1-h6	supported	covered	fixtures/differential-acceptance/markdown/headings-atx-h1-h6.md	exact-source	source-anchored-geometry	yes	none	-	heading,atx,h1-h6
md-setext-headings	markdown	setext-headings	supported	covered	fixtures/markdown-fidelity/cases/headings-and-delimiters.md	exact-source	source-anchored-geometry	yes	none	-	heading,setext
md-paragraph	markdown	paragraph	supported	covered	examples/eg2.md	exact-source	source-anchored-geometry	yes	none	-	paragraph
md-soft-break	markdown	soft-break	supported	covered	fixtures/markdown-fidelity/cases/whitespace-and-blank-lines.md	exact-source	source-anchored-geometry	yes	none	-	line-break,soft
md-hard-break	markdown	hard-break	supported	covered	fixtures/markdown-fidelity/cases/whitespace-and-blank-lines.md	exact-source	source-anchored-geometry	yes	none	-	line-break,hard
md-thematic-break	markdown	thematic-break	supported	covered	fixtures/markdown-fidelity/cases/thematic-break-variants.md	exact-source	source-anchored-geometry	yes	none	-	thematic-break
md-blockquote	markdown	blockquote	supported	covered	examples/eg2.md	exact-source	source-anchored-geometry	yes	none	-	blockquote,nested
md-unordered-list	markdown	unordered-list	supported	covered	fixtures/markdown-fidelity/cases/mixed-list-markers.md	exact-source	source-anchored-geometry	yes	none	-	list,unordered
md-ordered-list	markdown	ordered-list	supported	covered	fixtures/markdown-fidelity/cases/mixed-list-markers.md	exact-source	source-anchored-geometry	yes	none	-	list,ordered
md-nested-list	markdown	nested-list	supported	covered	fixtures/markdown-fidelity/cases/mixed-list-markers.md	exact-source	source-anchored-geometry	yes	none	-	list,nested
md-tight-loose-lists	markdown	tight-loose-lists	supported	covered	fixtures/differential-acceptance/markdown/lists-tight-loose.md	exact-source	source-anchored-geometry	yes	none	-	list,tight,loose
md-task-list	markdown	task-list	supported	covered	examples/eg2.md	exact-source	source-anchored-geometry	yes	click	-	list,task,gfm
md-fenced-backtick	markdown	fenced-code-backtick	supported	covered	fixtures/markdown-fidelity/cases/code-forms-and-fences.md	exact-source	source-anchored-geometry	yes	none	-	code,fenced,backtick
md-fenced-tilde	markdown	fenced-code-tilde	supported	covered	fixtures/markdown-fidelity/cases/code-forms-and-fences.md	exact-source	source-anchored-geometry	yes	none	-	code,fenced,tilde
md-fence-length-info	markdown	fence-length-info	supported	covered	fixtures/markdown-fidelity/cases/code-forms-and-fences.md	exact-source	source-anchored-geometry	yes	none	-	code,fence-length,info
md-indented-code	markdown	indented-code	supported	covered	fixtures/markdown-fidelity/cases/code-forms-and-fences.md	exact-source	source-anchored-geometry	yes	none	-	code,indented
md-table-basic	markdown	table-basic	supported	covered	examples/eg2.md	exact-source	source-anchored-geometry	yes	none	-	table,gfm
md-table-alignment	markdown	table-alignment	supported	covered	fixtures/markdown-fidelity/cases/table-lexical-variants.md	exact-source	source-anchored-geometry	yes	none	-	table,alignment,gfm
md-table-escaped-pipe	markdown	table-escaped-pipe	supported	covered	fixtures/markdown-fidelity/cases/table-lexical-variants.md	exact-source	source-anchored-geometry	yes	none	-	table,escaped-pipe,gfm
md-raw-html-safe	markdown	raw-html-safe	supported	covered	fixtures/markdown-fidelity/cases/raw-html-safe.md	exact-source	source-anchored-geometry	yes	none	-	raw-html,safe
md-raw-html-hostile	markdown	raw-html-hostile	degraded	covered	fixtures/markdown-fidelity/cases/raw-html-hostile.md	exact-source	diagnostic-only	no	none	-	raw-html,hostile,degraded
md-local-image	markdown	local-image-resource	supported	covered	src/integrationTest/resources/projects/markdown-smoke/VISUAL-RESOURCES.md	exact-source	source-anchored-geometry	yes	none	-	image,local-resource
md-emphasis	markdown	emphasis	supported	covered	fixtures/markdown-fidelity/cases/headings-and-delimiters.md	exact-source	source-anchored-geometry	yes	none	-	inline,emphasis
md-strong	markdown	strong	supported	covered	fixtures/markdown-fidelity/cases/headings-and-delimiters.md	exact-source	source-anchored-geometry	yes	none	-	inline,strong
md-combined-emphasis	markdown	combined-emphasis	supported	covered	examples/eg2.md	exact-source	source-anchored-geometry	yes	none	-	inline,emphasis,strong
md-strikethrough	markdown	strikethrough	supported	covered	fixtures/markdown-fidelity/cases/strikethrough.md	exact-source	source-anchored-geometry	yes	none	-	inline,strikethrough,gfm
md-inline-code	markdown	inline-code	supported	covered	fixtures/markdown-fidelity/cases/code-forms-and-fences.md	exact-source	source-anchored-geometry	yes	none	-	inline,code
md-inline-link	markdown	inline-link	supported	covered	fixtures/markdown-fidelity/cases/links-and-references.md	exact-source	source-anchored-geometry	yes	navigate	-	inline,link
md-reference-link	markdown	reference-link	supported	covered	fixtures/markdown-fidelity/cases/links-and-references.md	exact-source	source-anchored-geometry	yes	navigate	-	inline,reference-link
md-autolink	markdown	autolink	supported	covered	examples/eg2.md	exact-source	source-anchored-geometry	yes	navigate	-	inline,autolink
md-image-syntax	markdown	image-syntax	supported	covered	fixtures/markdown-fidelity/cases/links-and-references.md	exact-source	source-anchored-geometry	yes	none	-	inline,image
md-escaped-punctuation	markdown	escaped-punctuation	supported	covered	examples/eg2.md	exact-source	source-anchored-geometry	yes	none	-	inline,escape
md-entity-reference	markdown	entity-character-reference	supported	covered	fixtures/differential-acceptance/markdown/inline-edge-cases.md	exact-source	source-anchored-geometry	yes	none	-	inline,entity
md-inline-raw-html	markdown	inline-raw-html	supported	covered	fixtures/markdown-fidelity/cases/raw-html-safe.md	exact-source	source-anchored-geometry	yes	none	-	inline,raw-html
md-katex-inline	markdown	katex-inline	supported	covered	fixtures/markdown-fidelity/cases/math-success.md	exact-source	source-anchored-geometry	yes	none	-	derived,katex,inline
md-katex-display	markdown	katex-display	supported	covered	fixtures/markdown-fidelity/cases/math-success.md	exact-source	source-anchored-geometry	yes	none	-	derived,katex,display
md-mermaid-block	markdown	mermaid-fenced-block	supported	covered	fixtures/markdown-fidelity/cases/mermaid-success.md	exact-source	source-anchored-geometry	yes	click	-	derived,mermaid
md-footnote-extension	markdown	footnote-extension	unsupported	covered	fixtures/differential-acceptance/markdown/footnote-unsupported.md	exact-source	no-parity-expected	yes	none	-	extension,footnote,unsupported
md-tabs-indentation	markdown	tabs-indentation	supported	covered	fixtures/differential-acceptance/markdown/tabs-indentation.md	exact-source	source-anchored-geometry	yes	none	-	block,tabs,indentation
md-blank-lines-whitespace	markdown	blank-lines-whitespace	supported	covered	fixtures/markdown-fidelity/cases/whitespace-and-blank-lines.md	exact-source	source-anchored-geometry	yes	none	-	block,blank-lines,whitespace
md-closing-atx	markdown	closing-atx-heading	supported	covered	fixtures/markdown-fidelity/cases/headings-and-delimiters.md	exact-source	source-anchored-geometry	yes	none	-	heading,atx,closing-marker
md-list-marker-variants	markdown	list-marker-variants	supported	covered	fixtures/markdown-fidelity/cases/mixed-list-markers.md	exact-source	source-anchored-geometry	yes	none	-	list,marker,lexical
md-code-span-delimiter-edge	markdown	code-span-delimiter-edge	supported	covered	fixtures/differential-acceptance/markdown/inline-edge-cases.md	exact-source	source-anchored-geometry	yes	none	-	inline,code,delimiter
md-inline-link-title	markdown	inline-link-title	supported	covered	fixtures/markdown-fidelity/cases/links-and-references.md	exact-source	source-anchored-geometry	yes	navigate	-	inline,link,title
md-inline-image-title	markdown	inline-image-title	supported	covered	fixtures/markdown-fidelity/cases/links-and-references.md	exact-source	source-anchored-geometry	yes	none	-	inline,image,title
md-reference-definition	markdown	reference-definition	supported	covered	fixtures/markdown-fidelity/cases/links-and-references.md	exact-source	source-anchored-geometry	yes	none	-	reference,definition
md-reference-image	markdown	reference-image	supported	covered	fixtures/differential-acceptance/markdown/inline-edge-cases.md	exact-source	source-anchored-geometry	yes	none	-	inline,image,reference
md-autolink-email	markdown	autolink-email	supported	covered	fixtures/differential-acceptance/markdown/inline-edge-cases.md	exact-source	source-anchored-geometry	yes	navigate	-	inline,autolink,email
md-gfm-autolink-literal	markdown	gfm-autolink-literal	unsupported	covered	fixtures/differential-acceptance/markdown/gfm-autolink-unsupported.md	exact-source	no-parity-expected	yes	none	-	extension,gfm,autolink,unsupported
mermaid-agentflow	mermaid	agentflow	supported	covered	examples/mermaid-agentflow.md	exact-source	diagram-semantic-perceptual	yes	click	agentflow	mermaid,agentflow
mermaid-architecture	mermaid	architecture	supported	covered	examples/mermaid-architecture.md	exact-source	diagram-semantic-perceptual	yes	click	architecture	mermaid,architecture
mermaid-block	mermaid	block	supported	covered	examples/mermaid-block.md	exact-source	diagram-semantic-perceptual	yes	click	block	mermaid,block
mermaid-c4	mermaid	c4	supported	covered	examples/mermaid-c4.md	exact-source	diagram-semantic-perceptual	yes	click	c4	mermaid,c4
mermaid-class	mermaid	class	supported	covered	examples/mermaid-class.md	exact-source	diagram-semantic-perceptual	yes	click	class	mermaid,class
mermaid-cynefin	mermaid	cynefin	supported	covered	examples/mermaid-cynefin.md	exact-source	diagram-semantic-perceptual	yes	click	cynefin	mermaid,cynefin
mermaid-er	mermaid	er	supported	covered	examples/mermaid-er.md	exact-source	diagram-semantic-perceptual	yes	click	er	mermaid,er
mermaid-eventmodeling	mermaid	eventmodeling	supported	covered	examples/mermaid-eventmodeling.md	exact-source	diagram-semantic-perceptual	yes	click	eventmodeling	mermaid,eventmodeling
mermaid-flowchart	mermaid	flowchart	supported	covered	examples/mermaid-flowchart.md	exact-source	diagram-semantic-perceptual	yes	click	flowchart	mermaid,flowchart
mermaid-flowchart-elk	mermaid	flowchart-elk	supported	covered	examples/mermaid-flowchart-elk.md	exact-source	diagram-semantic-perceptual	yes	click	flowchart-elk	mermaid,flowchart-elk
mermaid-gantt	mermaid	gantt	supported	covered	examples/mermaid-gantt.md	exact-source	diagram-semantic-perceptual	yes	click	gantt	mermaid,gantt
mermaid-git	mermaid	git	supported	covered	examples/mermaid-gitgraph.md	exact-source	diagram-semantic-perceptual	yes	click	git	mermaid,git
mermaid-info	mermaid	info	supported	covered	examples/mermaid-info.md	exact-source	diagram-semantic-perceptual	yes	click	info	mermaid,info
mermaid-ishikawa	mermaid	ishikawa	supported	covered	examples/mermaid-ishikawa.md	exact-source	diagram-semantic-perceptual	yes	click	ishikawa	mermaid,ishikawa
mermaid-journey	mermaid	journey	supported	covered	examples/mermaid-journey.md	exact-source	diagram-semantic-perceptual	yes	click	journey	mermaid,journey
mermaid-kanban	mermaid	kanban	supported	covered	examples/mermaid-kanban.md	exact-source	diagram-semantic-perceptual	yes	click	kanban	mermaid,kanban
mermaid-mindmap	mermaid	mindmap	supported	covered	examples/mermaid-mindmap.md	exact-source	diagram-semantic-perceptual	yes	click	mindmap	mermaid,mindmap
mermaid-packet	mermaid	packet	supported	covered	examples/mermaid-packet.md	exact-source	diagram-semantic-perceptual	yes	click	packet	mermaid,packet
mermaid-pie	mermaid	pie	supported	covered	examples/mermaid-pie.md	exact-source	diagram-semantic-perceptual	yes	click	pie	mermaid,pie
mermaid-quadrant	mermaid	quadrant	supported	covered	examples/mermaid-quadrant.md	exact-source	diagram-semantic-perceptual	yes	click	quadrant	mermaid,quadrant
mermaid-radar	mermaid	radar	supported	covered	examples/mermaid-radar.md	exact-source	diagram-semantic-perceptual	yes	click	radar	mermaid,radar
mermaid-railroad	mermaid	railroad	supported	covered	examples/mermaid-railroad.md	exact-source	diagram-semantic-perceptual	yes	click	railroad	mermaid,railroad
mermaid-railroad-abnf	mermaid	railroad-abnf	supported	covered	examples/mermaid-railroad-abnf.md	exact-source	diagram-semantic-perceptual	yes	click	railroad-abnf	mermaid,railroad-abnf
mermaid-railroad-ebnf	mermaid	railroad-ebnf	supported	covered	examples/mermaid-railroad-ebnf.md	exact-source	diagram-semantic-perceptual	yes	click	railroad-ebnf	mermaid,railroad-ebnf
mermaid-railroad-peg	mermaid	railroad-peg	supported	covered	examples/mermaid-railroad-peg.md	exact-source	diagram-semantic-perceptual	yes	click	railroad-peg	mermaid,railroad-peg
mermaid-requirement	mermaid	requirement	supported	covered	examples/mermaid-requirement.md	exact-source	diagram-semantic-perceptual	yes	click	requirement	mermaid,requirement
mermaid-sankey	mermaid	sankey	supported	covered	examples/mermaid-sankey.md	exact-source	diagram-semantic-perceptual	yes	click	sankey	mermaid,sankey
mermaid-sequence	mermaid	sequence	supported	covered	examples/mermaid-sequence.md	exact-source	diagram-semantic-perceptual	yes	click	sequence	mermaid,sequence
mermaid-state	mermaid	state	supported	covered	examples/mermaid-state.md	exact-source	diagram-semantic-perceptual	yes	click	state	mermaid,state
mermaid-swimlanes	mermaid	swimlanes	supported	covered	examples/mermaid-swimlanes.md	exact-source	diagram-semantic-perceptual	yes	click	swimlanes	mermaid,swimlanes
mermaid-timeline	mermaid	timeline	supported	covered	examples/mermaid-timeline.md	exact-source	diagram-semantic-perceptual	yes	click	timeline	mermaid,timeline
mermaid-treeview	mermaid	treeview	supported	covered	examples/mermaid-treeview.md	exact-source	diagram-semantic-perceptual	yes	click	treeview	mermaid,treeview
mermaid-treemap	mermaid	treemap	supported	covered	examples/mermaid-treemap.md	exact-source	diagram-semantic-perceptual	yes	click	treemap	mermaid,treemap
mermaid-usecase	mermaid	usecase	supported	covered	examples/mermaid-usecase.md	exact-source	diagram-semantic-perceptual	yes	click	usecase	mermaid,usecase
mermaid-venn	mermaid	venn	supported	covered	examples/mermaid-venn.md	exact-source	diagram-semantic-perceptual	yes	click	venn	mermaid,venn
mermaid-wardley	mermaid	wardley	supported	covered	examples/mermaid-wardley.md	exact-source	diagram-semantic-perceptual	yes	click	wardley	mermaid,wardley
mermaid-xychart	mermaid	xychart	supported	covered	examples/mermaid-xychart.md	exact-source	diagram-semantic-perceptual	yes	click	xychart	mermaid,xychart
mermaid-flowchart-minimal	mermaid	flowchart-minimal	supported	covered	examples/mermaid-minimal.md	exact-source	diagram-semantic-perceptual	yes	click	flowchart	mermaid,flowchart,supplemental,minimal
mermaid-flowchart-large	mermaid	flowchart-large	supported	covered	examples/mermaid-large-flowchart.md	exact-source	diagram-semantic-perceptual	yes	click	flowchart	mermaid,flowchart,supplemental,large
