detector	classification	fixture_path	preview_config_keys	config_status
agentflow	supported	examples/mermaid-agentflow.md	-	no-per-type-key
architecture	supported	examples/mermaid-architecture.md	architecture	explicit-mode
block	supported	examples/mermaid-block.md	block	explicit-mode
c4	supported	examples/mermaid-c4.md	c4	explicit-mode
class	supported	examples/mermaid-class.md	class	explicit-mode
cynefin	supported	examples/mermaid-cynefin.md	-	no-per-type-key
er	supported	examples/mermaid-er.md	er,erDiagram	explicit-mode
eventmodeling	supported	examples/mermaid-eventmodeling.md	-	no-per-type-key
flowchart	supported	examples/mermaid-flowchart.md	flowchart	explicit-mode
flowchart-elk	supported	examples/mermaid-flowchart-elk.md	flowchart	shared-unverified
gantt	supported	examples/mermaid-gantt.md	gantt	explicit-mode
git	supported	examples/mermaid-gitgraph.md	git,gitGraph	explicit-mode
info	supported	examples/mermaid-info.md	-	no-per-type-key
ishikawa	supported	examples/mermaid-ishikawa.md	-	no-per-type-key
journey	supported	examples/mermaid-journey.md	journey	explicit-mode
kanban	supported	examples/mermaid-kanban.md	kanban	explicit-mode
mindmap	supported	examples/mermaid-mindmap.md	mindmap	explicit-mode
packet	supported	examples/mermaid-packet.md	packet	explicit-mode
pie	supported	examples/mermaid-pie.md	pie	explicit-mode
quadrant	supported	examples/mermaid-quadrant.md	quadrantChart	explicit-mode
radar	supported	examples/mermaid-radar.md	-	no-per-type-key
railroad	supported	examples/mermaid-railroad.md	-	no-per-type-key
railroad-abnf	supported	examples/mermaid-railroad-abnf.md	-	no-per-type-key
railroad-ebnf	supported	examples/mermaid-railroad-ebnf.md	-	no-per-type-key
railroad-peg	supported	examples/mermaid-railroad-peg.md	-	no-per-type-key
requirement	supported	examples/mermaid-requirement.md	requirement,requirementDiagram	explicit-mode
sankey	supported	examples/mermaid-sankey.md	sankey	explicit-mode
sequence	supported	examples/mermaid-sequence.md	sequence,sequenceDiagram	explicit-mode
state	supported	examples/mermaid-state.md	state,stateDiagram	explicit-mode
swimlanes	supported	examples/mermaid-swimlanes.md	-	no-per-type-key
timeline	supported	examples/mermaid-timeline.md	timeline	explicit-mode
treemap	supported	examples/mermaid-treemap.md	-	no-per-type-key
treeview	supported	examples/mermaid-treeview.md	-	no-per-type-key
usecase	supported	examples/mermaid-usecase.md	-	no-per-type-key
venn	supported	examples/mermaid-venn.md	venn	explicit-mode
wardley	supported	examples/mermaid-wardley.md	-	no-per-type-key
xychart	supported	examples/mermaid-xychart.md	xychart,xyChart	fixed-true
